{"cameraMode":{"drawMode":0,"name":"Shaded","section":"Shading Mode"},"sceneLighting":true,"audioPlay":false,"sceneViewState":{"showFog":true,"showMaterialUpdate":true,"showSkybox":true,"showFlares":true,"showImageEffects":true,"showParticleSystems":true},"in2DMode":false,"pivot":{"x":25.530805587768556,"y":6.574977397918701,"z":26.663738250732423},"rotation":{"x":0.004326793365180492,"y":0.9919954538345337,"z":-0.12112396955490112,"w":0.035432033240795138},"size":11.995282173156739,"orthographic":false}