{"cameraMode":{"drawMode":0,"name":"Shaded","section":"Shading Mode"},"sceneLighting":false,"audioPlay":false,"sceneViewState":{"showFog":true,"showMaterialUpdate":true,"showSkybox":true,"showFlares":true,"showImageEffects":true,"showParticleSystems":true},"in2DMode":false,"pivot":{"x":-0.0065953731536865238,"y":8.086495399475098,"z":1.1436617374420167},"rotation":{"x":-0.018808357417583467,"y":-0.9694180488586426,"z":0.07869518548250199,"w":-0.23169371485710145},"size":38.962982177734378,"orthographic":false}