{"cameraMode":{"drawMode":0,"name":"Shaded","section":"Shading Mode"},"sceneLighting":false,"audioPlay":false,"sceneViewState":{"showFog":true,"showMaterialUpdate":false,"showSkybox":true,"showFlares":true,"showImageEffects":true,"showParticleSystems":true},"in2DMode":false,"pivot":{"x":-4.925455093383789,"y":-0.2615940570831299,"z":4.317068099975586},"rotation":{"x":0.3905789256095886,"y":0.02347061038017273,"z":-0.00996191892772913,"w":0.9202163219451904},"size":1.7787190675735474,"orthographic":false}