{"cameraMode":{"drawMode":0,"name":"Shaded","section":"Shading Mode"},"sceneLighting":false,"audioPlay":false,"sceneViewState":{"showFog":true,"showMaterialUpdate":true,"showSkybox":true,"showFlares":true,"showImageEffects":true,"showParticleSystems":true},"in2DMode":false,"pivot":{"x":15.060749053955079,"y":7.611114025115967,"z":5.794460296630859},"rotation":{"x":-0.018808357417583467,"y":-0.9694180488586426,"z":0.07869518548250199,"w":-0.23169371485710145},"size":36.71480941772461,"orthographic":false}