{"cameraMode":{"drawMode":0,"name":"Shaded","section":"Shading Mode"},"sceneLighting":true,"audioPlay":false,"sceneViewState":{"showFog":true,"showMaterialUpdate":true,"showSkybox":true,"showFlares":true,"showImageEffects":true,"showParticleSystems":true},"in2DMode":false,"pivot":{"x":5.1944990158081059,"y":12.22787857055664,"z":-8.96520709991455},"rotation":{"x":0.07987575232982636,"y":-0.8820322751998901,"z":0.1618703007698059,"w":0.4352435767650604},"size":13.663479804992676,"orthographic":false}