{"cameraMode":{"drawMode":0,"name":"Shaded","section":"Shading Mode"},"sceneLighting":false,"audioPlay":false,"sceneViewState":{"showFog":true,"showMaterialUpdate":true,"showSkybox":true,"showFlares":true,"showImageEffects":true,"showParticleSystems":true},"in2DMode":false,"pivot":{"x":0.007578372955322266,"y":8.953412055969239,"z":0.0000019073486328125},"rotation":{"x":-0.018808357417583467,"y":-0.9694180488586426,"z":0.07869518548250199,"w":-0.23169371485710145},"size":41.95683670043945,"orthographic":false}