{"cameraMode":{"drawMode":0,"name":"Shaded","section":"Shading Mode"},"sceneLighting":false,"audioPlay":false,"sceneViewState":{"showFog":true,"showMaterialUpdate":true,"showSkybox":true,"showFlares":true,"showImageEffects":true,"showParticleSystems":true},"in2DMode":false,"pivot":{"x":-1.5027549266815186,"y":6.952615261077881,"z":-1.999986171722412},"rotation":{"x":-0.04648444429039955,"y":-0.9130078554153442,"z":0.10870082676410675,"w":-0.39043569564819338},"size":40.80684280395508,"orthographic":false}