{"cameraMode":{"drawMode":0,"name":"Shaded","section":"Shading Mode"},"sceneLighting":false,"audioPlay":false,"sceneViewState":{"showFog":true,"showMaterialUpdate":true,"showSkybox":true,"showFlares":true,"showImageEffects":true,"showParticleSystems":true},"in2DMode":false,"pivot":{"x":-5.744651794433594,"y":5.591403961181641,"z":1.704742431640625},"rotation":{"x":-0.017398420721292497,"y":-0.9825950860977173,"z":0.12896175682544709,"w":-0.1325635313987732},"size":34.716915130615237,"orthographic":false}