{"cameraMode":{"drawMode":0,"name":"Shaded","section":"Shading Mode"},"sceneLighting":true,"audioPlay":false,"sceneViewState":{"showFog":true,"showMaterialUpdate":true,"showSkybox":true,"showFlares":true,"showImageEffects":true,"showParticleSystems":true},"in2DMode":false,"pivot":{"x":43.08127975463867,"y":2.8939614295959474,"z":-11.611496925354004},"rotation":{"x":0.010468863882124424,"y":0.9886866211891174,"z":-0.08324558287858963,"w":0.1243361234664917},"size":21.868366241455079,"orthographic":false}