{"cameraMode":{"drawMode":0,"name":"Shaded","section":"Shading Mode"},"sceneLighting":false,"audioPlay":false,"sceneViewState":{"showFog":true,"showMaterialUpdate":false,"showSkybox":true,"showFlares":true,"showImageEffects":true,"showParticleSystems":true},"in2DMode":false,"pivot":{"x":-2.815542221069336,"y":-0.8481960296630859,"z":4.243820667266846},"rotation":{"x":0.3905789256095886,"y":0.02347061038017273,"z":-0.00996191892772913,"w":0.9202163219451904},"size":3.5569498538970949,"orthographic":false}