{"cameraMode":{"drawMode":0,"name":"Shaded","section":"Shading Mode"},"sceneLighting":false,"audioPlay":false,"sceneViewState":{"showFog":true,"showMaterialUpdate":true,"showSkybox":true,"showFlares":true,"showImageEffects":true,"showParticleSystems":true},"in2DMode":false,"pivot":{"x":-0.009612560272216797,"y":8.455045700073243,"z":-0.9999861717224121},"rotation":{"x":-0.04648444429039955,"y":-0.9130078554153442,"z":0.10870082676410675,"w":-0.39043569564819338},"size":39.41490936279297,"orthographic":false}