{"cameraMode":{"drawMode":0,"name":"Shaded","section":"Shading Mode"},"sceneLighting":false,"audioPlay":false,"sceneViewState":{"showFog":true,"showMaterialUpdate":false,"showSkybox":true,"showFlares":true,"showImageEffects":true,"showParticleSystems":true},"in2DMode":false,"pivot":{"x":0.5068331956863403,"y":1.9574522972106934,"z":-0.6125648021697998},"rotation":{"x":-0.07985302805900574,"y":0.920125424861908,"z":-0.27438828349113467,"w":-0.26777568459510805},"size":10.326904296875,"orthographic":false}