{"cameraMode":{"drawMode":0,"name":"Shaded","section":"Shading Mode"},"sceneLighting":true,"audioPlay":false,"sceneViewState":{"showFog":true,"showMaterialUpdate":true,"showSkybox":true,"showFlares":true,"showImageEffects":true,"showParticleSystems":true},"in2DMode":false,"pivot":{"x":61.58201599121094,"y":-73.19422912597656,"z":-80.65929412841797},"rotation":{"x":0.048441264778375629,"y":0.9183838367462158,"z":-0.374295175075531,"w":0.11886008083820343},"size":126.15943908691406,"orthographic":false}