{"cameraMode":{"drawMode":0,"name":"Shaded","section":"Shading Mode"},"sceneLighting":false,"audioPlay":false,"sceneViewState":{"showFog":true,"showMaterialUpdate":true,"showSkybox":true,"showFlares":true,"showImageEffects":true,"showParticleSystems":true},"in2DMode":false,"pivot":{"x":0.005550384521484375,"y":6.453477382659912,"z":1.4298651218414307},"rotation":{"x":-0.04648444429039955,"y":-0.9130078554153442,"z":0.10870082676410675,"w":-0.39043569564819338},"size":33.626766204833987,"orthographic":false}