{"cameraMode":{"drawMode":0,"name":"Shaded","section":"Shading Mode"},"sceneLighting":false,"audioPlay":false,"sceneViewState":{"showFog":true,"showMaterialUpdate":false,"showSkybox":true,"showFlares":true,"showImageEffects":true,"showParticleSystems":true},"in2DMode":false,"pivot":{"x":0.5422344207763672,"y":5.25,"z":-14.396800994873047},"rotation":{"x":-0.01533326506614685,"y":-0.9845676422119141,"z":0.13012000918388368,"w":-0.1160183995962143},"size":80.54315185546875,"orthographic":true}