{"cameraMode":{"drawMode":0,"name":"Shaded","section":"Shading Mode"},"sceneLighting":false,"audioPlay":false,"sceneViewState":{"showFog":true,"showMaterialUpdate":true,"showSkybox":true,"showFlares":true,"showImageEffects":true,"showParticleSystems":true},"in2DMode":false,"pivot":{"x":0.006605863571166992,"y":7.399778366088867,"z":-0.9999663829803467},"rotation":{"x":-0.04648444429039955,"y":-0.9130078554153442,"z":0.10870082676410675,"w":-0.39043569564819338},"size":36.075626373291019,"orthographic":false}