{"cameraMode":{"drawMode":0,"name":"Shaded","section":"Shading Mode"},"sceneLighting":false,"audioPlay":false,"sceneViewState":{"showFog":true,"showMaterialUpdate":false,"showSkybox":true,"showFlares":true,"showImageEffects":true,"showParticleSystems":true},"in2DMode":false,"pivot":{"x":-6.583595275878906,"y":0.2747863829135895,"z":4.819457054138184},"rotation":{"x":0.3905789256095886,"y":0.02347061038017273,"z":-0.00996191892772913,"w":0.9202163219451904},"size":2.5321717262268068,"orthographic":false}