{"cameraMode":{"drawMode":0,"name":"Shaded","section":"Shading Mode"},"sceneLighting":true,"audioPlay":false,"sceneViewState":{"showFog":true,"showMaterialUpdate":true,"showSkybox":true,"showFlares":true,"showImageEffects":true,"showParticleSystems":true},"in2DMode":false,"pivot":{"x":-22.218833923339845,"y":4.994172096252441,"z":5.1068525314331059},"rotation":{"x":-0.0342097133398056,"y":0.7572814226150513,"z":-0.03979816660284996,"w":-0.6509767174720764},"size":28.090862274169923,"orthographic":false}