{"cameraMode":{"drawMode":0,"name":"Shaded","section":"Shading Mode"},"sceneLighting":true,"audioPlay":false,"sceneViewState":{"showFog":true,"showMaterialUpdate":true,"showSkybox":true,"showFlares":true,"showImageEffects":true,"showParticleSystems":true},"in2DMode":false,"pivot":{"x":44.45848846435547,"y":-62.6978759765625,"z":131.816162109375},"rotation":{"x":0.2902839779853821,"y":0.1532999873161316,"z":-0.04717129468917847,"w":0.9434030055999756},"size":152.76402282714845,"orthographic":false}