{"cameraMode":{"drawMode":0,"name":"Shaded","section":"Shading Mode"},"sceneLighting":false,"audioPlay":false,"sceneViewState":{"showFog":true,"showMaterialUpdate":true,"showSkybox":true,"showFlares":true,"showImageEffects":true,"showParticleSystems":true},"in2DMode":false,"pivot":{"x":-0.4933953285217285,"y":6.933223247528076,"z":0.6606314182281494},"rotation":{"x":-0.018808357417583467,"y":-0.9694180488586426,"z":0.07869518548250199,"w":-0.23169371485710145},"size":38.98143005371094,"orthographic":false}