{"cameraMode":{"drawMode":0,"name":"Shaded","section":"Shading Mode"},"sceneLighting":false,"audioPlay":false,"sceneViewState":{"showFog":true,"showMaterialUpdate":true,"showSkybox":true,"showFlares":true,"showImageEffects":true,"showParticleSystems":true},"in2DMode":false,"pivot":{"x":-4.257079601287842,"y":5.853137969970703,"z":-9.572145462036133},"rotation":{"x":0.0025721064303070308,"y":-0.9943403601646423,"z":0.1032833680510521,"w":0.024762332439422609},"size":33.626766204833987,"orthographic":false}