{"cameraMode":{"drawMode":0,"name":"Shaded","section":"Shading Mode"},"sceneLighting":false,"audioPlay":false,"sceneViewState":{"showFog":true,"showMaterialUpdate":true,"showSkybox":true,"showFlares":true,"showImageEffects":true,"showParticleSystems":true},"in2DMode":false,"pivot":{"x":0.4148082733154297,"y":7.471528053283691,"z":2.189701557159424},"rotation":{"x":-0.018808357417583467,"y":-0.9694180488586426,"z":0.07869518548250199,"w":-0.23169371485710145},"size":37.196998596191409,"orthographic":false}