{"cameraMode":{"drawMode":0,"name":"Shaded","section":"Shading Mode"},"sceneLighting":true,"audioPlay":false,"sceneViewState":{"showFog":true,"showMaterialUpdate":true,"showSkybox":true,"showFlares":true,"showImageEffects":true,"showParticleSystems":true},"in2DMode":false,"pivot":{"x":-501.029296875,"y":184.0038604736328,"z":214.4132080078125},"rotation":{"x":-0.206645205616951,"y":-0.25912100076675417,"z":0.05685718357563019,"w":-0.9417650699615479},"size":225.85401916503907,"orthographic":false}